{
  "id": "2173461",
  "name": "cdjk",
  "font_family": "iconfont",
  "css_prefix_text": "icon-",
  "description": "",
  "glyphs": [
    {
      "icon_id": "351755",
      "name": "勾选",
      "font_class": "gouxuan",
      "unicode": "e664",
      "unicode_decimal": 58980
    },
    {
      "icon_id": "958421",
      "name": "勾选",
      "font_class": "tucenggouxuan",
      "unicode": "e6a2",
      "unicode_decimal": 59042
    },
    {
      "icon_id": "1518141",
      "name": "勾选",
      "font_class": "gouxuan1",
      "unicode": "e665",
      "unicode_decimal": 58981
    },
    {
      "icon_id": "3922297",
      "name": "勾选",
      "font_class": "huiyishiqueren_huabanfuben",
      "unicode": "e666",
      "unicode_decimal": 58982
    },
    {
      "icon_id": "8441708",
      "name": "勾选",
      "font_class": "gouxuan2",
      "unicode": "e688",
      "unicode_decimal": 59016
    },
    {
      "icon_id": "15668749",
      "name": "勾选",
      "font_class": "gouxuan3",
      "unicode": "e68b",
      "unicode_decimal": 59019
    },
    {
      "icon_id": "18522219",
      "name": "勾选",
      "font_class": "gouxuan4",
      "unicode": "e668",
      "unicode_decimal": 58984
    },
    {
      "icon_id": "19279938",
      "name": "勾选",
      "font_class": "gouxuan5",
      "unicode": "e669",
      "unicode_decimal": 58985
    },
    {
      "icon_id": "356493",
      "name": "注册",
      "font_class": "zhuce",
      "unicode": "e655",
      "unicode_decimal": 58965
    },
    {
      "icon_id": "749770",
      "name": "注册",
      "font_class": "zhuce1",
      "unicode": "e656",
      "unicode_decimal": 58966
    },
    {
      "icon_id": "788026",
      "name": "退出",
      "font_class": "tuichu",
      "unicode": "e657",
      "unicode_decimal": 58967
    },
    {
      "icon_id": "975296",
      "name": "注册",
      "font_class": "zhuce2",
      "unicode": "e659",
      "unicode_decimal": 58969
    },
    {
      "icon_id": "975307",
      "name": "登录",
      "font_class": "denglu",
      "unicode": "e65c",
      "unicode_decimal": 58972
    },
    {
      "icon_id": "2569869",
      "name": "登录",
      "font_class": "denglu1",
      "unicode": "e67c",
      "unicode_decimal": 59004
    },
    {
      "icon_id": "2945828",
      "name": "注册服务",
      "font_class": "zhucefuwu",
      "unicode": "e65d",
      "unicode_decimal": 58973
    },
    {
      "icon_id": "8229473",
      "name": "退出",
      "font_class": "tuichu1",
      "unicode": "e65f",
      "unicode_decimal": 58975
    },
    {
      "icon_id": "12974856",
      "name": "退出",
      "font_class": "tuichu2",
      "unicode": "e660",
      "unicode_decimal": 58976
    },
    {
      "icon_id": "15644324",
      "name": "登录",
      "font_class": "denglu2",
      "unicode": "e6be",
      "unicode_decimal": 59070
    },
    {
      "icon_id": "16780728",
      "name": "登录-密码",
      "font_class": "denglu-mima",
      "unicode": "e661",
      "unicode_decimal": 58977
    },
    {
      "icon_id": "17782869",
      "name": "退出",
      "font_class": "tuichu3",
      "unicode": "e88c",
      "unicode_decimal": 59532
    },
    {
      "icon_id": "19167518",
      "name": "退出",
      "font_class": "tuichu4",
      "unicode": "e663",
      "unicode_decimal": 58979
    },
    {
      "icon_id": "1430",
      "name": "购物",
      "font_class": "gouwu",
      "unicode": "e602",
      "unicode_decimal": 58882
    },
    {
      "icon_id": "739112",
      "name": "购物",
      "font_class": "gouwu1",
      "unicode": "e654",
      "unicode_decimal": 58964
    },
    {
      "icon_id": "772246",
      "name": "购物 购物车 订购",
      "font_class": "gouwugouwuchedinggou",
      "unicode": "e682",
      "unicode_decimal": 59010
    },
    {
      "icon_id": "796917",
      "name": "购物",
      "font_class": "gouwu2",
      "unicode": "e6f2",
      "unicode_decimal": 59122
    },
    {
      "icon_id": "11195027",
      "name": "购物",
      "font_class": "gouwu3",
      "unicode": "e65e",
      "unicode_decimal": 58974
    },
    {
      "icon_id": "17605489",
      "name": "购物",
      "font_class": "gouwu4",
      "unicode": "e818",
      "unicode_decimal": 59416
    },
    {
      "icon_id": "1009213",
      "name": "电话",
      "font_class": "dianhua3",
      "unicode": "e69a",
      "unicode_decimal": 59034
    },
    {
      "icon_id": "7450585",
      "name": "H5",
      "font_class": "H",
      "unicode": "e65b",
      "unicode_decimal": 58971
    },
    {
      "icon_id": "499377",
      "name": "QQ",
      "font_class": "qq",
      "unicode": "e64c",
      "unicode_decimal": 58956
    },
    {
      "icon_id": "977581",
      "name": "qq",
      "font_class": "qq1",
      "unicode": "e64e",
      "unicode_decimal": 58958
    },
    {
      "icon_id": "1000860",
      "name": "qq",
      "font_class": "qq2",
      "unicode": "e64b",
      "unicode_decimal": 58955
    },
    {
      "icon_id": "1274297",
      "name": "qq",
      "font_class": "qq3",
      "unicode": "e650",
      "unicode_decimal": 58960
    },
    {
      "icon_id": "1817709",
      "name": "qq",
      "font_class": "qq4",
      "unicode": "e651",
      "unicode_decimal": 58961
    },
    {
      "icon_id": "8759836",
      "name": "QQ",
      "font_class": "QQ",
      "unicode": "e699",
      "unicode_decimal": 59033
    },
    {
      "icon_id": "9186714",
      "name": "QQ",
      "font_class": "QQ1",
      "unicode": "e667",
      "unicode_decimal": 58983
    },
    {
      "icon_id": "13815914",
      "name": "qq",
      "font_class": "qq5",
      "unicode": "e653",
      "unicode_decimal": 58963
    },
    {
      "icon_id": "1105010",
      "name": "手机",
      "font_class": "shouji",
      "unicode": "e649",
      "unicode_decimal": 58953
    },
    {
      "icon_id": "5017552",
      "name": "手机",
      "font_class": "shouji1",
      "unicode": "e64a",
      "unicode_decimal": 58954
    },
    {
      "icon_id": "462187",
      "name": "品牌团",
      "font_class": "pinpaituan",
      "unicode": "e65a",
      "unicode_decimal": 58970
    },
    {
      "icon_id": "1418219",
      "name": "品牌",
      "font_class": "pinpai",
      "unicode": "e647",
      "unicode_decimal": 58951
    },
    {
      "icon_id": "11536520",
      "name": "品牌",
      "font_class": "pinpai1",
      "unicode": "e79d",
      "unicode_decimal": 59293
    },
    {
      "icon_id": "1110406",
      "name": "箭头 左 中",
      "font_class": "jiantou4",
      "unicode": "e637",
      "unicode_decimal": 58935
    },
    {
      "icon_id": "1115048",
      "name": "箭头",
      "font_class": "jiantou5",
      "unicode": "e63e",
      "unicode_decimal": 58942
    },
    {
      "icon_id": "1172649",
      "name": "箭头",
      "font_class": "jiantou6",
      "unicode": "e640",
      "unicode_decimal": 58944
    },
    {
      "icon_id": "5258984",
      "name": "箭头",
      "font_class": "jiantou7",
      "unicode": "e642",
      "unicode_decimal": 58946
    },
    {
      "icon_id": "5334168",
      "name": "箭头",
      "font_class": "jiantou8",
      "unicode": "e645",
      "unicode_decimal": 58949
    },
    {
      "icon_id": "10707278",
      "name": "箭头 左 left",
      "font_class": "jiantouzuo",
      "unicode": "e646",
      "unicode_decimal": 58950
    },
    {
      "icon_id": "12025963",
      "name": "箭头",
      "font_class": "jiantou9",
      "unicode": "e7a7",
      "unicode_decimal": 59303
    },
    {
      "icon_id": "13314444",
      "name": "箭头",
      "font_class": "jiantou10",
      "unicode": "e6cf",
      "unicode_decimal": 59087
    },
    {
      "icon_id": "608329",
      "name": "箭头",
      "font_class": "jiantouarrow477",
      "unicode": "e6a1",
      "unicode_decimal": 59041
    },
    {
      "icon_id": "609193",
      "name": "箭头",
      "font_class": "jiantouarrowheads3",
      "unicode": "e6bd",
      "unicode_decimal": 59069
    },
    {
      "icon_id": "720964",
      "name": "箭头",
      "font_class": "xiazai6",
      "unicode": "e631",
      "unicode_decimal": 58929
    },
    {
      "icon_id": "737969",
      "name": "箭头",
      "font_class": "jiantou",
      "unicode": "e635",
      "unicode_decimal": 58933
    },
    {
      "icon_id": "791908",
      "name": "箭头",
      "font_class": "ai-arrow-down",
      "unicode": "e658",
      "unicode_decimal": 58968
    },
    {
      "icon_id": "808879",
      "name": "箭头 (12",
      "font_class": "jiantou1",
      "unicode": "e6a4",
      "unicode_decimal": 59044
    },
    {
      "icon_id": "897807",
      "name": "箭头",
      "font_class": "jiantou2",
      "unicode": "e63f",
      "unicode_decimal": 58943
    },
    {
      "icon_id": "998824",
      "name": "箭头",
      "font_class": "ai214",
      "unicode": "e6ca",
      "unicode_decimal": 59082
    },
    {
      "icon_id": "1110404",
      "name": "箭头 左 小",
      "font_class": "jiantou21",
      "unicode": "e632",
      "unicode_decimal": 58930
    },
    {
      "icon_id": "1110405",
      "name": "箭头 左 细",
      "font_class": "jiantou3",
      "unicode": "e636",
      "unicode_decimal": 58934
    },
    {
      "icon_id": "815451",
      "name": "微信",
      "font_class": "weixin",
      "unicode": "e608",
      "unicode_decimal": 58888
    },
    {
      "icon_id": "836720",
      "name": "list",
      "font_class": "list",
      "unicode": "e769",
      "unicode_decimal": 59241
    },
    {
      "icon_id": "1057009",
      "name": "下载",
      "font_class": "xiazai1",
      "unicode": "e6b7",
      "unicode_decimal": 59063
    },
    {
      "icon_id": "1106913",
      "name": "新闻",
      "font_class": "xinwen1",
      "unicode": "e634",
      "unicode_decimal": 58932
    },
    {
      "icon_id": "1126026",
      "name": "微信",
      "font_class": "weixin1",
      "unicode": "e64f",
      "unicode_decimal": 58959
    },
    {
      "icon_id": "1188721",
      "name": "微信",
      "font_class": "weixin2",
      "unicode": "e600",
      "unicode_decimal": 58880
    },
    {
      "icon_id": "1203548",
      "name": "搜索",
      "font_class": "linedesign-12",
      "unicode": "e671",
      "unicode_decimal": 58993
    },
    {
      "icon_id": "1219309",
      "name": "客服",
      "font_class": "kefu",
      "unicode": "e643",
      "unicode_decimal": 58947
    },
    {
      "icon_id": "1239313",
      "name": "我的",
      "font_class": "me",
      "unicode": "e609",
      "unicode_decimal": 58889
    },
    {
      "icon_id": "1239336",
      "name": "微博",
      "font_class": "weibo",
      "unicode": "e60c",
      "unicode_decimal": 58892
    },
    {
      "icon_id": "1392234",
      "name": "合作",
      "font_class": "65",
      "unicode": "e698",
      "unicode_decimal": 59032
    },
    {
      "icon_id": "1440885",
      "name": "电话",
      "font_class": "dianhua1",
      "unicode": "e633",
      "unicode_decimal": 58931
    },
    {
      "icon_id": "1494636",
      "name": "网络",
      "font_class": "wangluo",
      "unicode": "e603",
      "unicode_decimal": 58883
    },
    {
      "icon_id": "1511903",
      "name": "web",
      "font_class": "web-channel",
      "unicode": "e687",
      "unicode_decimal": 59015
    },
    {
      "icon_id": "1620225",
      "name": "团队",
      "font_class": "tubiao-",
      "unicode": "e615",
      "unicode_decimal": 58901
    },
    {
      "icon_id": "1719300",
      "name": "营销",
      "font_class": "yingxiao",
      "unicode": "e7b5",
      "unicode_decimal": 59317
    },
    {
      "icon_id": "1722999",
      "name": "营销",
      "font_class": "yingxiao1",
      "unicode": "e7c0",
      "unicode_decimal": 59328
    },
    {
      "icon_id": "1929807",
      "name": "喇叭",
      "font_class": "laba",
      "unicode": "e628",
      "unicode_decimal": 58920
    },
    {
      "icon_id": "2350289",
      "name": "下载",
      "font_class": "download",
      "unicode": "e821",
      "unicode_decimal": 59425
    },
    {
      "icon_id": "2418266",
      "name": "下载",
      "font_class": "xiazai2",
      "unicode": "e674",
      "unicode_decimal": 58996
    },
    {
      "icon_id": "2451804",
      "name": "我的",
      "font_class": "wode",
      "unicode": "e62f",
      "unicode_decimal": 58927
    },
    {
      "icon_id": "2767953",
      "name": "网络",
      "font_class": "wangluo2",
      "unicode": "e611",
      "unicode_decimal": 58897
    },
    {
      "icon_id": "2768299",
      "name": "合作",
      "font_class": "hezuo",
      "unicode": "e618",
      "unicode_decimal": 58904
    },
    {
      "icon_id": "3216575",
      "name": "合作",
      "font_class": "hezuo1",
      "unicode": "e67d",
      "unicode_decimal": 59005
    },
    {
      "icon_id": "3238366",
      "name": "模板",
      "font_class": "left-template",
      "unicode": "e62a",
      "unicode_decimal": 58922
    },
    {
      "icon_id": "3280586",
      "name": "营销推广",
      "font_class": "yingxiaotuiguang",
      "unicode": "e672",
      "unicode_decimal": 58994
    },
    {
      "icon_id": "3640183",
      "name": "客服",
      "font_class": "kefu1",
      "unicode": "e60a",
      "unicode_decimal": 58890
    },
    {
      "icon_id": "3978017",
      "name": "模板",
      "font_class": "moban1",
      "unicode": "e624",
      "unicode_decimal": 58916
    },
    {
      "icon_id": "4307329",
      "name": "营销设置",
      "font_class": "yingxiaoshezhi",
      "unicode": "e60f",
      "unicode_decimal": 58895
    },
    {
      "icon_id": "4485658",
      "name": "喇叭",
      "font_class": "laba1",
      "unicode": "e601",
      "unicode_decimal": 58881
    },
    {
      "icon_id": "4656571",
      "name": "营销管理",
      "font_class": "yingxiaoguanli",
      "unicode": "e652",
      "unicode_decimal": 58962
    },
    {
      "icon_id": "4728777",
      "name": "互联网专场 ",
      "font_class": "hulianwangzhuanchang",
      "unicode": "e638",
      "unicode_decimal": 58936
    },
    {
      "icon_id": "4753345",
      "name": "新闻",
      "font_class": "xinwen2",
      "unicode": "e7f7",
      "unicode_decimal": 59383
    },
    {
      "icon_id": "4932635",
      "name": "云端下载",
      "font_class": "yunduanxiazai",
      "unicode": "ec1d",
      "unicode_decimal": 60445
    },
    {
      "icon_id": "4932636",
      "name": "云端上传",
      "font_class": "yunduanshangchuan",
      "unicode": "ec1e",
      "unicode_decimal": 60446
    },
    {
      "icon_id": "5041242",
      "name": "新闻",
      "font_class": "xinwen3",
      "unicode": "e74e",
      "unicode_decimal": 59214
    },
    {
      "icon_id": "5148424",
      "name": "团队",
      "font_class": "icon-test",
      "unicode": "e639",
      "unicode_decimal": 58937
    },
    {
      "icon_id": "5172431",
      "name": "电话",
      "font_class": "TIFFANYSROOM_huaban",
      "unicode": "e778",
      "unicode_decimal": 59256
    },
    {
      "icon_id": "5322079",
      "name": "团队",
      "font_class": "tuandui",
      "unicode": "e68a",
      "unicode_decimal": 59018
    },
    {
      "icon_id": "5330824",
      "name": "云端",
      "font_class": "yunduan",
      "unicode": "e7c5",
      "unicode_decimal": 59333
    },
    {
      "icon_id": "5428427",
      "name": "list",
      "font_class": "list1",
      "unicode": "e6e0",
      "unicode_decimal": 59104
    },
    {
      "icon_id": "5666445",
      "name": "新闻",
      "font_class": "xinwen4",
      "unicode": "e619",
      "unicode_decimal": 58905
    },
    {
      "icon_id": "5675185",
      "name": "地址",
      "font_class": "dizhi_",
      "unicode": "e61e",
      "unicode_decimal": 58910
    },
    {
      "icon_id": "5735516",
      "name": "互联网营销-4",
      "font_class": "hulianwangyingxiao-",
      "unicode": "e7ba",
      "unicode_decimal": 59322
    },
    {
      "icon_id": "5961322",
      "name": "云端刷新",
      "font_class": "yunduanshuaxin",
      "unicode": "ec60",
      "unicode_decimal": 60512
    },
    {
      "icon_id": "6027495",
      "name": "商城",
      "font_class": "shangcheng",
      "unicode": "e604",
      "unicode_decimal": 58884
    },
    {
      "icon_id": "6196898",
      "name": "邮箱",
      "font_class": "youxiang",
      "unicode": "e648",
      "unicode_decimal": 58952
    },
    {
      "icon_id": "6366905",
      "name": "客服",
      "font_class": "kefu2",
      "unicode": "e610",
      "unicode_decimal": 58896
    },
    {
      "icon_id": "6556877",
      "name": "微博",
      "font_class": "weibo1",
      "unicode": "e61a",
      "unicode_decimal": 58906
    },
    {
      "icon_id": "6683417",
      "name": "搜索",
      "font_class": "sousuo",
      "unicode": "e629",
      "unicode_decimal": 58921
    },
    {
      "icon_id": "6756291",
      "name": "微博",
      "font_class": "weibo2",
      "unicode": "e60b",
      "unicode_decimal": 58891
    },
    {
      "icon_id": "6844409",
      "name": "团队 ",
      "font_class": "tuandui1",
      "unicode": "e625",
      "unicode_decimal": 58917
    },
    {
      "icon_id": "6850621",
      "name": "合作",
      "font_class": "hezuo2",
      "unicode": "e616",
      "unicode_decimal": 58902
    },
    {
      "icon_id": "6997493",
      "name": "我 的",
      "font_class": "wodedangxuan",
      "unicode": "e60d",
      "unicode_decimal": 58893
    },
    {
      "icon_id": "7116484",
      "name": "云端下载",
      "font_class": "yunduanxiazai1",
      "unicode": "e606",
      "unicode_decimal": 58886
    },
    {
      "icon_id": "7116488",
      "name": "云端上传",
      "font_class": "yunduanshangchuan1",
      "unicode": "e607",
      "unicode_decimal": 58887
    },
    {
      "icon_id": "7176330",
      "name": "模板",
      "font_class": "moban2",
      "unicode": "e61b",
      "unicode_decimal": 58907
    },
    {
      "icon_id": "7366875",
      "name": "我的",
      "font_class": "wode1",
      "unicode": "e612",
      "unicode_decimal": 58898
    },
    {
      "icon_id": "7716286",
      "name": "电话",
      "font_class": "dianhua2",
      "unicode": "e6c8",
      "unicode_decimal": 59080
    },
    {
      "icon_id": "7810742",
      "name": "营销选中",
      "font_class": "yingxiaoxuanzhong",
      "unicode": "e800",
      "unicode_decimal": 59392
    },
    {
      "icon_id": "7852021",
      "name": "list",
      "font_class": "list2",
      "unicode": "e620",
      "unicode_decimal": 58912
    },
    {
      "icon_id": "7992457",
      "name": "营销",
      "font_class": "yingxiao-",
      "unicode": "e60e",
      "unicode_decimal": 58894
    },
    {
      "icon_id": "8281985",
      "name": "地址",
      "font_class": "dizhi",
      "unicode": "e613",
      "unicode_decimal": 58899
    },
    {
      "icon_id": "8289024",
      "name": "微信",
      "font_class": "weixin3",
      "unicode": "e870",
      "unicode_decimal": 59504
    },
    {
      "icon_id": "9080734",
      "name": "list",
      "font_class": "list3",
      "unicode": "e662",
      "unicode_decimal": 58978
    },
    {
      "icon_id": "9712635",
      "name": "网络",
      "font_class": "wangluo3",
      "unicode": "e6ae",
      "unicode_decimal": 59054
    },
    {
      "icon_id": "10113928",
      "name": "云端",
      "font_class": "yunduan1",
      "unicode": "e8a2",
      "unicode_decimal": 59554
    },
    {
      "icon_id": "10463901",
      "name": "小程序",
      "font_class": "xiaochengxu",
      "unicode": "e62d",
      "unicode_decimal": 58925
    },
    {
      "icon_id": "10651918",
      "name": "搜索",
      "font_class": "sousuo-",
      "unicode": "e64d",
      "unicode_decimal": 58957
    },
    {
      "icon_id": "10715453",
      "name": "邮箱",
      "font_class": "youxiang1",
      "unicode": "e63c",
      "unicode_decimal": 58940
    },
    {
      "icon_id": "10905618",
      "name": "团队",
      "font_class": "tuandui2",
      "unicode": "e62e",
      "unicode_decimal": 58926
    },
    {
      "icon_id": "11521307",
      "name": "合作",
      "font_class": "hezuo3",
      "unicode": "e777",
      "unicode_decimal": 59255
    },
    {
      "icon_id": "11758475",
      "name": "微信",
      "font_class": "weixin4",
      "unicode": "e77e",
      "unicode_decimal": 59262
    },
    {
      "icon_id": "12795588",
      "name": "商城",
      "font_class": "shangcheng1",
      "unicode": "e630",
      "unicode_decimal": 58928
    },
    {
      "icon_id": "12897863",
      "name": "搜索",
      "font_class": "sousuo-1",
      "unicode": "e61c",
      "unicode_decimal": 58908
    },
    {
      "icon_id": "13371137",
      "name": "主页",
      "font_class": "zhuye1",
      "unicode": "e61d",
      "unicode_decimal": 58909
    },
    {
      "icon_id": "13478682",
      "name": "我的",
      "font_class": "A",
      "unicode": "e6e6",
      "unicode_decimal": 59110
    },
    {
      "icon_id": "13644721",
      "name": "搜索",
      "font_class": "sousuo1",
      "unicode": "e605",
      "unicode_decimal": 58885
    },
    {
      "icon_id": "14004117",
      "name": "互联网",
      "font_class": "hulianwang",
      "unicode": "e69c",
      "unicode_decimal": 59036
    },
    {
      "icon_id": "14582510",
      "name": "营销",
      "font_class": "yingxiao2",
      "unicode": "e614",
      "unicode_decimal": 58900
    },
    {
      "icon_id": "14583236",
      "name": "营销互动",
      "font_class": "yingxiaohudong",
      "unicode": "e61f",
      "unicode_decimal": 58911
    },
    {
      "icon_id": "14683547",
      "name": "营销",
      "font_class": "yingxiao_huaban1",
      "unicode": "e627",
      "unicode_decimal": 58919
    },
    {
      "icon_id": "14925135",
      "name": "网络",
      "font_class": "wangluo4",
      "unicode": "e67b",
      "unicode_decimal": 59003
    },
    {
      "icon_id": "14981292",
      "name": "list",
      "font_class": "list4",
      "unicode": "e71f",
      "unicode_decimal": 59167
    },
    {
      "icon_id": "15023368",
      "name": "营销",
      "font_class": "yingxiao3",
      "unicode": "e63d",
      "unicode_decimal": 58941
    },
    {
      "icon_id": "15023396",
      "name": "营销",
      "font_class": "yingxiao4",
      "unicode": "e641",
      "unicode_decimal": 58945
    },
    {
      "icon_id": "15490246",
      "name": "设计",
      "font_class": "sheji",
      "unicode": "e644",
      "unicode_decimal": 58948
    },
    {
      "icon_id": "15571365",
      "name": "营销管理",
      "font_class": "yingxiaoguanli1",
      "unicode": "e62b",
      "unicode_decimal": 58923
    },
    {
      "icon_id": "15686540",
      "name": "合作2",
      "font_class": "hezuo21",
      "unicode": "e6c3",
      "unicode_decimal": 59075
    },
    {
      "icon_id": "15686542",
      "name": "合作",
      "font_class": "hezuo4",
      "unicode": "e6c4",
      "unicode_decimal": 59076
    },
    {
      "icon_id": "16388849",
      "name": "Web",
      "font_class": "Web",
      "unicode": "e67f",
      "unicode_decimal": 59007
    },
    {
      "icon_id": "16542994",
      "name": "喇叭",
      "font_class": "laba2",
      "unicode": "e6c7",
      "unicode_decimal": 59079
    },
    {
      "icon_id": "17149661",
      "name": "搜索",
      "font_class": "sousuo2",
      "unicode": "ec55",
      "unicode_decimal": 60501
    },
    {
      "icon_id": "15353",
      "name": "主页",
      "font_class": "zhuye",
      "unicode": "e63a",
      "unicode_decimal": 58938
    },
    {
      "icon_id": "386364",
      "name": "新闻",
      "font_class": "xinwen",
      "unicode": "e621",
      "unicode_decimal": 58913
    },
    {
      "icon_id": "392146",
      "name": "团队",
      "font_class": "55",
      "unicode": "e69b",
      "unicode_decimal": 59035
    },
    {
      "icon_id": "392174",
      "name": "团队",
      "font_class": "29",
      "unicode": "e6b4",
      "unicode_decimal": 59060
    },
    {
      "icon_id": "521955",
      "name": "电话",
      "font_class": "dianhua",
      "unicode": "e622",
      "unicode_decimal": 58914
    },
    {
      "icon_id": "588124",
      "name": "网络",
      "font_class": "wangluo1",
      "unicode": "e6a5",
      "unicode_decimal": 59045
    },
    {
      "icon_id": "606311",
      "name": "互联网",
      "font_class": "hulianwanginternet35",
      "unicode": "e626",
      "unicode_decimal": 58918
    },
    {
      "icon_id": "611347",
      "name": "设计",
      "font_class": "icon4",
      "unicode": "e62c",
      "unicode_decimal": 58924
    },
    {
      "icon_id": "681176",
      "name": "下载",
      "font_class": "xiazai",
      "unicode": "e73e",
      "unicode_decimal": 59198
    },
    {
      "icon_id": "693741",
      "name": "电话",
      "font_class": "phone",
      "unicode": "e617",
      "unicode_decimal": 58903
    },
    {
      "icon_id": "731593",
      "name": "模板",
      "font_class": "moban",
      "unicode": "e63b",
      "unicode_decimal": 58939
    },
    {
      "icon_id": "737164",
      "name": "web",
      "font_class": "web",
      "unicode": "e7bb",
      "unicode_decimal": 59323
    },
    {
      "icon_id": "741877",
      "name": "主页",
      "font_class": "geren1",
      "unicode": "e623",
      "unicode_decimal": 58915
    }
  ]
}
